,user_id,s0,i0,treat,action,village,educ,gender,mage,prob
0,1,278.0625,16.0625,0.4125,1,5,3,1,31,0.25
1,2,182.0,12.0,1.2374999999999998,3,1,5,0,26,0.25
2,3,175.25,17.525,0.5249999999999999,2,1,5,0,32,0.25
3,4,192.0,11.6875,0.7374999999999999,1,6,3,1,28,0.25
4,5,287.325,15.174999999999999,-0.41250000000000053,3,14,1,1,48,0.25
5,6,65.0,11.0,0.19999999999999996,2,3,2,0,31,0.25
6,7,44.324999999999996,6.475,0.5249999999999999,1,10,4,0,39,0.25
7,8,198.95000000000005,18.450000000000003,-0.22500000000000053,3,12,2,0,48,0.25
8,9,429.55,22.45,1.15,2,14,2,1,42,0.25
9,10,25.6,12.8,0.7999999999999999,1,4,2,0,23,0.25
10,11,64.57499999999999,10.7625,1.2374999999999998,3,13,3,0,31,0.25
11,12,217.0,10.8,0.8999999999999999,2,3,2,1,47,0.25
12,13,100.0,10.0,0.5249999999999998,3,6,4,0,33,0.25
13,14,603.5500000000001,31.450000000000003,2.575,2,12,5,1,21,0.25
14,15,230.79999999999998,9.825,-0.8250000000000002,2,16,5,0,59,0.25
15,16,21.0,7.0,0.9249999999999998,2,14,5,0,34,0.25
16,17,159.0,10.0,0.625,2,6,3,0,35,0.25
17,18,371.5625,21.5625,0.9125,1,8,3,1,31,0.25
18,19,146.475,13.225,0.22499999999999998,1,16,4,0,21,0.25
19,20,414.25,20.6125,0.6124999999999999,1,17,1,1,38,0.25
20,21,182.65,19.85,-0.2875000000000001,1,5,3,1,49,0.25
21,22,785.0,28.0,-0.8250000000000002,2,4,5,1,59,0.25
22,23,111.99999999999999,7.3999999999999995,-0.6000000000000005,4,9,2,1,41,0.25
23,24,187.5,9.825,-0.9125000000000001,1,14,1,0,59,0.25
24,25,49.0,7.0,1.65,4,18,1,0,26,0.25
25,26,175.5,21.3125,0.4624999999999999,1,18,5,1,34,0.25
26,27,287.0,36.5,-3.1000000000000005,4,13,2,0,56,0.25
27,28,266.27500000000003,19.1625,-0.38749999999999996,1,14,3,0,43,0.25
28,29,555.5,27.424999999999997,2.7375,3,18,5,1,26,0.25
29,30,448.0,18.0,-0.5,2,4,2,1,55,0.25
30,31,163.29999999999998,17.7,1.8499999999999996,4,5,5,1,54,0.25
31,32,82.0,22.5,-3.25,4,5,1,0,55,0.25
32,33,148.0,7.45,0.2749999999999999,2,1,3,0,52,0.25
33,34,563.0,23.375,1.6875,3,16,3,1,45,0.25
34,35,235.0,9.0,-0.48750000000000027,3,17,1,1,59,0.25
35,36,284.0,18.0,-1.0,2,3,4,0,50,0.25
36,37,547.0,30.0,2.0,4,12,4,1,20,0.25
37,38,591.4375,23.5375,0.4874999999999996,3,16,1,1,56,0.25
38,39,209.0,10.25,0.3125,1,19,5,1,40,0.25
39,40,196.125,17.375,1.875,2,11,3,1,30,0.25
40,41,196.39999999999998,24.049999999999997,2.3499999999999996,4,3,1,1,39,0.25
41,42,181.0,22.5,2.25,4,13,1,1,40,0.25
42,43,20.500000000000004,4.300000000000001,-0.6500000000000004,4,15,1,0,29,0.25
43,44,200.0,10.1,-1.0499999999999998,4,8,5,0,43,0.25
44,45,570.25,33.25,3.8499999999999996,4,20,3,1,29,0.25
45,46,184.35,13.025,-0.9750000000000001,2,14,3,1,57,0.25
46,47,33.400000000000006,10.100000000000001,-0.30000000000000027,3,6,2,0,59,0.25
47,48,139.25,16.25,-0.75,3,5,4,0,60,0.25
48,49,13.525,7.2625,-0.2625000000000002,3,18,1,0,26,0.25
49,50,52.6,13.9,-0.4750000000000001,1,13,2,0,54,0.25
50,51,181.0,20.0,0.25,2,12,2,1,50,0.25
51,52,53.287499999999994,17.7625,0.7625,1,6,5,0,32,0.25
52,53,27.0,3.0,0.9249999999999998,2,11,3,0,29,0.25
53,54,156.0,19.75,0.3125,1,9,5,0,50,0.25
54,55,47.050000000000004,16.35,0.6499999999999995,4,6,1,0,46,0.25
55,56,111.02499999999999,12.225,0.22499999999999987,3,11,4,0,27,0.25
56,57,96.02499999999999,6.7875,0.7875,1,14,5,0,21,0.25
57,58,344.8,18.2,0.7999999999999998,2,20,4,0,44,0.25
58,59,82.825,9.425,-0.21250000000000013,1,4,5,0,51,0.25
59,60,7.975000000000001,3.325,-0.32500000000000007,1,13,2,0,38,0.25
60,61,158.0,16.0,-2.75,4,16,5,0,60,0.25
61,62,277.85,12.675,-0.6750000000000003,2,6,1,1,46,0.25
62,63,523.0,21.0,1.0,4,20,2,1,55,0.25
63,64,348.5,26.5,1.5,4,8,2,1,30,0.25
64,65,91.5,4.875,-0.17500000000000004,1,12,2,0,52,0.25
65,66,179.4,19.6,0.8999999999999999,2,12,4,1,42,0.25
66,67,223.14999999999998,24.349999999999998,0.6749999999999996,3,1,2,1,46,0.25
67,68,32.099999999999994,11.7,1.65,4,9,1,0,36,0.25
68,69,190.0,23.0,1.0,2,5,4,1,30,0.25
69,70,58.55,4.35,0.44999999999999996,2,4,4,0,21,0.25
70,71,157.6,19.2,1.7999999999999998,2,4,4,1,34,0.25
71,72,121.0,11.0,1.0499999999999998,4,20,1,0,22,0.25
72,73,188.7,13.549999999999999,-0.15000000000000013,1,20,4,1,56,0.25
73,74,537.0,38.0,3.0,3,6,4,1,30,0.25
74,75,444.5,21.5,-0.10000000000000009,1,9,2,0,59,0.25
75,76,144.5,14.049999999999999,1.0124999999999997,3,9,1,1,29,0.25
76,77,295.8,18.3625,-0.7875000000000005,3,6,1,1,53,0.25
77,78,286.4,31.599999999999998,2.1999999999999993,4,5,4,1,48,0.25
78,79,251.8125,22.4375,2.2874999999999996,3,20,3,1,27,0.25
79,80,18.200000000000003,5.300000000000001,-0.6500000000000004,4,4,5,0,49,0.25
80,81,55.0,11.0,1.4,2,1,2,0,27,0.25
81,82,88.0,11.0,0.625,1,10,2,0,30,0.25
82,83,134.38750000000002,10.3375,0.3374999999999999,1,5,5,0,29,0.25
83,84,63.0,9.0,2.2874999999999996,3,10,1,0,22,0.25
84,85,322.7,13.9,1.225,2,5,3,1,43,0.25
85,86,315.00000000000006,23.000000000000004,-1.8000000000000007,4,13,4,0,58,0.25
86,87,510.34999999999997,26.65,1.9124999999999999,3,8,3,1,42,0.25
87,88,351.875,23.125,1.025,1,16,2,1,24,0.25
88,89,42.0,14.0,0.9499999999999997,4,5,3,0,28,0.25
89,90,317.1875,23.9375,3.1875,3,20,3,1,25,0.25
90,91,225.0,15.0,0.36249999999999993,1,1,5,0,38,0.25
91,92,19.0,3.0,0.7999999999999999,1,14,4,0,28,0.25
92,93,116.05,12.45,1.1499999999999995,4,3,5,1,51,0.25
93,94,549.0,33.9375,3.1875,3,16,3,1,25,0.25
94,95,320.79999999999995,13.2,0.04999999999999982,4,1,5,1,42,0.25
95,96,234.99999999999997,23.299999999999997,0.07499999999999973,3,2,4,1,59,0.25
96,97,169.50000000000003,21.812500000000004,-1.1625000000000005,3,20,1,0,58,0.25
97,98,33.900000000000006,6.15,-1.0500000000000003,3,4,2,0,39,0.25
98,99,34.599999999999994,11.2,2.1999999999999997,4,12,4,0,28,0.25
99,100,18.0,6.0,0.4375,1,9,3,0,30,0.25
100,101,238.0,17.0,0.47499999999999987,2,4,5,0,33,0.25
101,102,29.0,10.0,1.2,2,17,4,0,36,0.25
102,103,78.0,13.0,-0.5,2,20,2,0,35,0.25
103,104,134.0,15.0,0.07499999999999973,3,20,2,0,34,0.25
104,105,105.80000000000001,8.9,-0.4500000000000004,3,10,4,0,46,0.25
105,106,269.20000000000005,22.6,-0.8,1,6,2,0,57,0.25
106,107,265.2,14.9,-0.4500000000000002,2,18,2,0,44,0.25
107,108,162.92499999999998,9.524999999999999,0.26249999999999973,3,3,3,1,54,0.25
108,109,215.0,14.0,0.5999999999999999,3,16,4,1,32,0.25
109,110,33.3,5.05,2.05,4,3,5,0,22,0.25
110,111,88.0,11.0,0.8624999999999999,3,1,1,0,31,0.25
111,112,259.90000000000003,18.35,1.4499999999999997,4,5,1,1,38,0.25
112,113,63.875,4.325,-0.32499999999999996,1,14,4,0,43,0.25
113,114,113.55000000000001,10.05,1.0499999999999998,4,2,5,0,22,0.25
114,115,66.2,4.2,-1.2000000000000002,4,17,2,0,37,0.25
115,116,258.5,16.9,1.65,2,12,2,1,22,0.25
116,117,382.0625,14.1875,-0.1875,3,8,3,1,60,0.25
117,118,384.15,17.325,0.6624999999999999,1,7,3,1,41,0.25
118,119,96.19999999999999,11.524999999999999,1.1749999999999998,2,10,1,1,29,0.25
119,120,345.90000000000003,24.35,1.8375,3,5,3,1,33,0.25
120,121,21.1,6.775,0.22499999999999964,2,2,1,0,48,0.25
121,122,413.62500000000006,27.775000000000002,-1.4625000000000004,3,9,1,0,52,0.25
122,123,328.08750000000003,17.1625,0.38749999999999996,1,15,3,1,42,0.25
123,124,35.8,9.2,0.8999999999999999,2,7,4,0,42,0.25
124,125,247.95000000000002,17.925,0.02499999999999991,1,12,2,0,44,0.25
125,126,145.0,12.0,0.9750000000000001,2,19,1,1,43,0.25
126,127,73.70000000000002,6.700000000000001,2.1499999999999995,4,2,5,0,41,0.25
127,128,163.4,21.3,-0.3250000000000002,2,9,1,0,59,0.25
128,129,201.125,15.625,-0.875,2,8,1,0,40,0.25
129,130,153.0,19.875,-1.5750000000000002,3,14,2,0,56,0.25
130,131,207.0,13.0,0.9375,3,11,3,0,35,0.25
131,132,59.80000000000001,3.6000000000000005,0.39999999999999947,4,16,4,0,56,0.25
132,133,337.5,23.75,0.75,3,15,4,1,30,0.25
133,134,174.54999999999998,18.95,0.48750000000000004,1,20,5,1,43,0.25
134,135,569.3999999999999,20.299999999999997,-0.6750000000000003,2,18,5,1,56,0.25
135,136,65.25,10.875,0.125,1,5,2,0,30,0.25
136,137,360.0,21.0,0.0,1,20,4,1,50,0.25
137,138,15.724999999999998,4.574999999999999,0.5249999999999999,2,14,5,0,22,0.25
138,139,163.4,11.6,1.7999999999999998,2,1,4,0,24,0.25
139,140,485.59999999999997,34.4,3.3499999999999996,4,7,3,1,34,0.25
140,141,336.55,17.45,1.575,2,17,3,1,26,0.25
141,142,268.15000000000003,19.225,-0.6125,1,12,1,0,47,0.25
142,143,90.7,12.1,0.85,1,16,2,1,21,0.25
143,144,478.85,21.675,-0.3250000000000002,2,7,5,1,49,0.25
144,145,194.575,21.174999999999997,-0.27500000000000036,2,19,5,1,48,0.25
145,146,218.45000000000005,9.975000000000001,-0.3250000000000002,1,9,2,1,58,0.25
146,147,321.0,15.799999999999999,0.44999999999999973,4,17,3,1,33,0.25
147,148,401.09999999999997,23.299999999999997,2.05,2,1,4,1,29,0.25
148,149,72.0,12.5,-1.75,4,13,1,0,40,0.25
149,150,88.0,11.0,0.34999999999999964,4,16,3,0,24,0.25
150,151,789.5999999999999,35.8,2.4499999999999993,4,18,5,1,48,0.25
151,152,178.125,13.625,0.625,2,15,3,1,55,0.25
152,153,528.0,26.85,-1.6500000000000004,4,1,1,0,59,0.25
153,154,281.4,17.4,0.8499999999999996,4,19,1,1,34,0.25
154,155,59.0,15.0,0.04999999999999982,4,3,5,0,42,0.25
155,156,204.39999999999998,12.2,0.6000000000000001,2,12,2,0,43,0.25
156,157,66.8125,13.5625,-0.5625,3,13,1,0,30,0.25
157,158,161.75,14.25,0.8125,1,6,3,1,35,0.25
158,159,81.0,9.0,0.6374999999999997,3,3,1,0,24,0.25
159,160,146.775,6.425000000000001,-0.4750000000000001,1,4,4,0,59,0.25
160,161,227.0,15.2,-0.20000000000000007,1,18,2,0,33,0.25
161,162,425.82500000000005,20.325000000000003,0.22499999999999964,2,3,5,0,48,0.25
162,163,288.65,15.35,-0.3500000000000001,1,4,2,0,49,0.25
163,164,30.9375,2.8125,0.8125,1,7,1,0,20,0.25
164,165,124.4,15.925,0.07499999999999973,3,17,4,0,49,0.25
165,166,570.0,28.25,2.8499999999999996,4,3,3,1,29,0.25
166,167,463.20000000000005,22.200000000000003,-3.1000000000000005,4,16,2,0,56,0.25
167,168,200.0,14.5,-0.5,1,10,2,0,45,0.25
168,169,158.125,10.9375,0.7875,1,20,1,1,21,0.25
169,170,164.375,16.6375,-0.6375000000000002,3,9,3,0,36,0.25
170,171,369.57500000000005,20.587500000000002,-0.8625000000000003,3,7,5,0,54,0.25
171,172,694.4000000000001,33.400000000000006,-2.5500000000000003,3,1,2,0,59,0.25
172,173,128.5,15.4375,0.6875,1,11,5,1,35,0.25
173,174,93.125,6.275,0.7249999999999999,2,19,5,0,38,0.25
174,175,151.0,18.25,2.05,4,15,3,1,27,0.25
175,176,380.25,22.25,1.75,4,11,5,1,45,0.25
176,177,152.2,16.799999999999997,0.9499999999999997,2,3,4,1,51,0.25
177,178,31.299999999999997,8.075,-0.03750000000000009,1,5,3,0,49,0.25
178,179,681.9000000000001,28.4125,-0.41250000000000053,3,4,5,1,58,0.25
179,180,383.08750000000003,20.1625,0.38749999999999996,1,12,5,1,57,0.25
180,181,209.3,23.700000000000003,-0.8500000000000005,4,15,5,0,51,0.25
181,182,167.0,13.5,0.7,2,18,2,1,21,0.25
182,183,20.275,6.425,0.2124999999999999,1,6,5,0,24,0.25
183,184,253.7,22.7,1.1749999999999998,2,9,3,1,34,0.25
184,185,28.400000000000002,9.8,0.5499999999999998,4,16,1,0,37,0.25
185,186,196.0,14.0,-0.2250000000000001,2,20,5,0,37,0.25
186,187,36.0,6.0,2.4375,3,8,1,0,20,0.25
187,188,87.20000000000002,6.300000000000001,1.8499999999999996,4,20,3,0,39,0.25
188,189,314.2,19.45,0.8624999999999999,3,11,1,1,31,0.25
189,190,472.99999999999994,23.299999999999997,1.5499999999999998,4,15,5,1,27,0.25
190,191,316.75,17.375,1.875,3,2,4,1,35,0.25
191,192,725.75,36.6375,-2.7375000000000003,3,2,1,0,59,0.25
192,193,423.1,19.05,0.26249999999999996,1,14,3,1,37,0.25
193,194,159.0,19.25,1.0499999999999998,1,18,4,1,28,0.25
194,195,92.475,8.225,0.22499999999999998,1,7,4,0,21,0.25
195,196,100.8,12.475,1.2374999999999998,3,13,3,0,21,0.25
196,197,84.25000000000003,6.375000000000002,-0.27500000000000036,2,8,5,0,58,0.25
197,198,54.6,3.725,0.13749999999999996,1,10,3,0,52,0.25
198,199,231.62499999999997,22.862499999999997,2.2874999999999996,3,6,1,1,32,0.25
199,200,457.19999999999993,23.799999999999997,0.7999999999999998,2,12,4,1,24,0.25
200,201,83.0,7.0,2.0625,3,12,1,0,25,0.25
201,202,174.95,13.149999999999999,0.03749999999999987,1,3,5,1,41,0.25
202,203,61.125,8.875,-0.625,2,18,3,0,40,0.25
203,204,11.0,5.0,0.25,4,3,1,0,40,0.25
204,205,36.0,3.0,0.575,1,6,2,0,32,0.25
205,206,310.0,15.35,-0.3250000000000002,2,8,3,1,44,0.25
206,207,106.4,13.425,0.2875,1,20,1,0,31,0.25
207,208,163.40000000000003,20.925000000000004,-1.2750000000000004,2,1,1,0,58,0.25
208,209,25.1,3.5125,0.16249999999999987,1,10,5,0,46,0.25
209,210,199.5,11.25,-0.5625,1,11,5,0,55,0.25
210,211,326.19999999999993,22.799999999999997,1.4749999999999999,2,7,5,1,23,0.25
211,212,117.4,15.3,-0.03750000000000009,1,2,1,0,54,0.25
212,213,18.75,6.25,3.25,4,2,5,0,30,0.25
213,214,310.5,15.625,0.1875,1,13,5,0,45,0.25
214,215,16.0,8.0,0.7749999999999999,1,3,2,0,24,0.25
215,216,125.39999999999999,7.6499999999999995,-0.17500000000000027,2,15,3,1,41,0.25
216,217,440.00000000000006,43.400000000000006,4.4,4,9,2,1,21,0.25
217,218,99.0,11.0,0.9499999999999997,4,2,3,0,28,0.25
218,219,219.39999999999998,16.799999999999997,-0.8000000000000003,2,19,2,1,51,0.25
219,220,80.0,8.0,0.5499999999999998,2,14,2,0,24,0.25
220,221,197.6,12.225,1.0749999999999997,2,11,3,1,46,0.25
221,222,260.25,18.375,0.1875,1,12,5,1,55,0.25
222,223,64.8,7.6,-0.10000000000000009,4,19,2,1,36,0.25
223,224,405.5,22.25,1.45,2,14,2,1,26,0.25
224,225,39.2,4.800000000000001,-0.40000000000000013,1,1,4,0,56,0.25
225,226,136.79999999999998,11.149999999999999,0.7874999999999999,3,10,1,1,42,0.25
226,227,23.5,10.75,0.75,4,8,3,0,20,0.25
227,228,36.7,4.5875,0.41249999999999987,3,5,1,0,27,0.25
228,229,206.99999999999997,10.149999999999999,0.5749999999999997,2,12,1,1,51,0.25
229,230,55.40000000000002,14.600000000000005,-0.8000000000000007,4,16,4,0,58,0.25
230,231,14.600000000000001,4.2,1.2,2,19,4,0,26,0.25
231,232,173.39999999999998,7.699999999999999,-0.3250000000000002,2,9,5,1,49,0.25
232,233,103.85000000000001,11.65,0.44999999999999973,3,17,4,0,54,0.25
233,234,416.20000000000005,32.400000000000006,-2.6000000000000005,4,8,4,0,56,0.25
234,235,230.0,18.75,0.9499999999999997,4,13,1,1,23,0.25
235,236,176.2,10.7,0.17499999999999993,1,13,2,1,28,0.25
236,237,415.0,16.0,-0.75,4,7,1,1,60,0.25
237,238,79.78750000000001,9.0875,-0.08750000000000002,1,10,1,0,36,0.25
238,239,-14.299999999999997,-1.2999999999999998,2.15,4,18,1,0,31,0.25
239,240,167.5,16.25,1.8499999999999996,4,5,1,1,24,0.25
240,241,128.6,14.4,-2.7,4,16,4,0,57,0.25
241,242,179.2,14.6,1.65,3,18,4,1,38,0.25
242,243,132.88750000000002,14.9875,1.0124999999999997,3,12,1,0,39,0.25
243,244,36.0,3.0,1.3125,3,11,3,0,30,0.25
244,245,310.79999999999995,11.799999999999997,0.6999999999999993,4,5,4,1,53,0.25
245,246,83.725,3.9875,0.012499999999999956,1,12,3,0,57,0.25
246,247,157.9375,17.4375,-0.4375,1,5,1,1,60,0.25
247,248,54.45,14.3625,-0.36250000000000004,1,10,3,0,42,0.25
248,249,380.25,19.75,1.5499999999999998,4,1,5,1,37,0.25
249,250,106.00000000000001,5.3500000000000005,-0.6750000000000003,2,1,3,0,51,0.25
250,251,147.0,17.75,0.5499999999999998,2,10,2,1,24,0.25
251,252,191.0,23.25,3.05,4,3,3,1,27,0.25
252,253,339.25,20.25,0.25,4,18,3,0,55,0.25
253,254,89.0,4.5,-0.5,2,9,4,0,50,0.25
254,255,197.20000000000002,12.450000000000001,-0.4500000000000004,3,15,4,0,46,0.25
255,256,195.275,13.6625,-0.11250000000000027,3,2,1,1,34,0.25
256,257,179.2,21.65,2.275,2,2,5,1,27,0.25
257,258,96.8,11.6,0.8999999999999999,2,11,2,1,37,0.25
258,259,168.675,12.975000000000001,-1.9875000000000003,3,18,1,1,59,0.25
259,260,202.75,22.75,-0.75,4,7,1,1,60,0.25
260,261,418.4,25.9,0.7249999999999999,2,16,5,1,38,0.25
261,262,388.65,20.349999999999998,0.33749999999999947,3,16,5,1,58,0.25
262,263,275.40000000000003,23.200000000000003,-2.0500000000000007,4,16,3,0,48,0.25
263,264,250.75,17.625,0.375,3,12,4,1,55,0.25
264,265,88.0,8.0,-0.15000000000000013,2,10,2,0,28,0.25
265,266,98.875,10.875,1.875,3,1,2,0,20,0.25
266,267,117.0,13.0,-0.48750000000000027,3,7,3,1,54,0.25
267,268,218.14999999999998,19.65,-0.08750000000000002,1,13,1,1,36,0.25
268,269,61.099999999999994,5.175,0.825,2,5,3,0,31,0.25
269,270,659.15,31.15,1.4499999999999997,4,3,5,1,28,0.25
270,271,98.0,7.0,-0.07500000000000018,2,7,5,0,34,0.25
271,272,24.0,8.0,0.42499999999999993,1,1,2,0,28,0.25
272,273,25.0,9.0,-1.0,4,17,2,0,35,0.25
273,274,209.0,23.0,-0.25,2,14,4,1,45,0.25
274,275,149.67499999999998,10.975,0.42499999999999993,1,15,4,1,23,0.25
275,276,100.0,10.0,2.8499999999999996,4,6,5,0,34,0.25
276,277,183.8,22.6,1.15,4,3,3,1,36,0.25
277,278,248.8,15.55,-0.2250000000000001,1,20,2,1,44,0.25
278,279,55.75,4.75,-0.1875,1,14,3,0,55,0.25
279,280,-1.8999999999999968,-0.14999999999999947,0.7874999999999999,3,10,1,0,42,0.25
280,281,372.24999999999994,24.549999999999997,0.8499999999999996,4,13,3,1,39,0.25
281,282,315.59999999999997,25.799999999999997,2.3,4,14,2,1,22,0.25
282,283,232.51250000000002,25.6125,-0.5375000000000001,1,17,1,1,54,0.25
283,284,164.0,10.5,0.5,2,3,4,0,50,0.25
284,285,116.94999999999999,9.149999999999999,-2.05,4,14,1,0,43,0.25
285,286,142.4,17.3,0.07499999999999996,1,12,2,1,32,0.25
286,287,64.55000000000001,5.2125,2.2125,3,3,5,0,23,0.25
287,288,341.65,26.049999999999997,1.0124999999999997,3,9,5,1,49,0.25
288,289,141.0,14.0,0.5625,3,4,5,1,55,0.25
289,290,195.8,23.85,1.4625,3,3,3,1,38,0.25
290,291,253.02500000000003,17.7875,-0.21250000000000013,1,5,5,1,51,0.25
291,292,75.5625,10.9375,-0.3125,1,19,3,0,40,0.25
292,293,105.625,10.5625,0.5625,1,4,5,0,30,0.25
293,294,303.59999999999997,13.799999999999999,1.1999999999999997,3,20,4,1,54,0.25
294,295,312.3,21.95,1.2374999999999998,3,20,3,1,31,0.25
295,296,222.90000000000003,16.35,0.2749999999999999,2,1,5,0,57,0.25
296,297,70.85000000000001,5.987500000000001,-1.9875000000000003,3,6,3,0,54,0.25
297,298,18.0,3.0,-0.0625,1,3,3,0,30,0.25
298,299,17.375,1.8375,0.16249999999999998,1,15,1,0,26,0.25
299,300,159.4375,10.3625,0.7874999999999999,3,8,3,1,37,0.25
300,301,339.0,17.0,-0.6000000000000005,4,16,2,1,51,0.25
301,302,531.8000000000001,31.400000000000002,-2.4000000000000004,3,5,2,0,57,0.25
302,303,434.0,21.5,0.29999999999999993,1,12,2,1,33,0.25
303,304,151.99999999999997,12.249999999999998,0.8499999999999996,4,19,5,1,34,0.25
304,305,228.10000000000002,19.175,0.2749999999999999,2,2,5,0,47,0.25
305,306,336.5,25.5,1.5,3,14,2,1,25,0.25
306,307,763.0,34.5,2.5,4,12,4,1,35,0.25
307,308,266.72499999999997,29.525,1.7624999999999997,3,14,5,1,49,0.25
308,309,208.0,16.0,0.44999999999999996,1,12,4,0,32,0.25
309,310,198.9,22.1,0.5499999999999998,4,2,1,1,57,0.25
310,311,499.0,24.85,0.8499999999999996,2,18,2,1,48,0.25
311,312,609.0,27.5,0.25,2,13,4,1,55,0.25
312,313,14.799999999999997,5.6,0.19999999999999996,1,12,2,0,37,0.25
313,314,422.5,20.875,1.375,2,6,3,1,30,0.25
314,315,212.0625,16.3125,0.3125,1,6,5,0,30,0.25
315,316,48.0,3.0,0.5249999999999998,3,18,4,0,33,0.25
316,317,258.79999999999995,18.2,1.0499999999999998,2,20,2,1,34,0.25
317,318,134.6875,9.1125,-0.11250000000000004,1,4,1,0,37,0.25
318,319,159.8,10.2375,-0.23750000000000004,1,15,1,0,42,0.25
319,320,39.800000000000004,10.700000000000001,-0.42500000000000027,2,13,5,0,51,0.25
320,321,162.77499999999998,14.524999999999999,1.7624999999999997,3,4,1,1,39,0.25
321,322,262.25,21.4375,2.8874999999999997,3,16,1,1,24,0.25
322,323,24.0,12.0,0.1875,1,17,1,0,25,0.25
323,324,67.85,11.475,-0.23750000000000004,1,12,1,0,32,0.25
324,325,855.5,40.5,3.9,4,18,4,1,31,0.25
325,326,98.81249999999999,14.687499999999998,-1.5374999999999996,3,16,1,0,43,0.25
326,327,69.425,3.9125,0.08749999999999991,1,19,1,0,49,0.25
327,328,115.0,9.0,0.16249999999999987,1,4,1,1,56,0.25
328,329,56.66250000000001,8.2375,-1.2375000000000003,3,4,1,0,49,0.25
329,330,124.60000000000001,10.05,-0.48750000000000004,1,10,1,1,52,0.25
330,331,210.0,13.8,0.9000000000000001,3,16,2,1,43,0.25
331,332,572.75,22.75,0.875,2,9,5,1,45,0.25
332,333,442.875,20.3125,0.5625,3,14,5,0,55,0.25
333,334,297.34999999999997,16.575,1.4249999999999996,3,11,4,0,41,0.25
334,335,225.95,17.15,3.05,4,7,1,1,32,0.25
335,336,101.6,12.825,0.17499999999999982,2,15,1,0,29,0.25
336,337,305.59999999999997,19.037499999999998,1.0124999999999997,3,7,3,1,44,0.25
337,338,313.8125,20.7875,-0.21250000000000013,1,2,1,1,41,0.25
338,339,83.2,21.8,0.04999999999999982,4,16,5,0,52,0.25
339,340,140.8,16.85,0.9749999999999999,3,15,4,1,27,0.25
340,341,17.500000000000004,1.3000000000000003,1.3499999999999999,3,9,4,0,42,0.25
341,342,478.79999999999995,21.9,0.02499999999999991,2,6,3,0,57,0.25
342,343,526.15,20.275,-0.5750000000000002,1,19,2,1,58,0.25
343,344,246.0,17.5,1.75,2,12,4,0,25,0.25
344,345,121.35,10.85,-0.050000000000000266,4,3,1,1,33,0.25
345,346,634.0,30.0,1.0,2,8,4,1,50,0.25
346,347,206.6,14.4,0.09999999999999998,1,6,2,1,31,0.25
347,348,354.55,18.45,-0.27500000000000036,2,13,5,1,58,0.25
348,349,141.5,12.125,-2.0625,3,7,1,0,60,0.25
349,350,814.0,33.75,2.4375,3,5,5,1,40,0.25
350,351,82.10000000000001,22.275000000000002,-2.2125000000000004,3,11,3,0,57,0.25
351,352,50.95,4.45,1.45,2,8,4,0,21,0.25
352,353,197.15,14.225,-0.2250000000000001,1,19,4,0,39,0.25
353,354,160.29999999999998,12.1,-0.30000000000000027,3,5,4,1,44,0.25
354,355,75.80000000000001,4.862500000000001,-0.8625000000000003,3,1,5,0,44,0.25
355,356,137.375,13.8375,0.16249999999999987,1,10,1,0,46,0.25
356,357,203.0,20.5,-0.75,3,18,4,1,60,0.25
357,358,236.0,15.1875,-0.6375000000000002,1,12,1,0,58,0.25
358,359,214.60000000000002,13.600000000000001,0.7999999999999998,2,9,2,0,39,0.25
359,360,319.20000000000005,38.900000000000006,5.15,4,9,5,1,21,0.25
360,361,26.6875,5.3375,0.3374999999999999,1,16,3,0,24,0.25
361,362,269.54999999999995,24.049999999999997,2.5124999999999997,3,9,3,1,34,0.25
362,363,0.5500000000000003,0.8500000000000001,2.15,4,7,1,0,31,0.25
363,364,117.5,11.35,1.3499999999999996,4,17,5,1,59,0.25
364,365,238.3,13.350000000000001,0.6499999999999995,4,7,3,0,41,0.25
365,366,13.3125,2.6625,0.3374999999999998,3,3,1,0,28,0.25
366,367,99.0,11.0,1.15,4,20,1,0,21,0.25
367,368,449.6875,23.5625,-0.4375,1,1,5,1,60,0.25
368,369,250.39999999999998,17.599999999999998,0.19999999999999973,4,1,2,1,33,0.25
369,370,48.6,6.8,1.7999999999999998,3,3,2,0,21,0.25
370,371,45.4,3.025,-0.02499999999999991,2,5,1,0,43,0.25
371,372,138.2,8.575,1.575,2,18,5,0,31,0.25
372,373,194.075,17.825,0.17499999999999982,1,1,2,0,48,0.25
373,374,331.5875,15.837499999999999,-0.3875000000000002,1,10,3,1,53,0.25
374,375,21.0,3.0,0.9249999999999998,2,3,5,0,34,0.25
375,376,264.8,16.675,-0.2250000000000001,1,17,4,0,49,0.25
376,377,41.0,5.375,1.3125,3,14,5,0,45,0.25
377,378,180.20000000000002,9.9,0.44999999999999996,1,4,4,1,52,0.25
378,379,167.75,23.25,3.25,4,7,1,1,20,0.25
379,380,79.0,13.0,1.6749999999999998,2,20,5,0,29,0.25
380,381,375.25,24.75,2.4375,3,8,3,1,35,0.25
381,382,244.75,17.125,1.2249999999999999,2,8,3,1,33,0.25
382,383,514.3,29.9,2.15,2,6,2,1,22,0.25
383,384,370.35,16.925,0.07499999999999973,2,14,5,0,51,0.25
384,385,155.75,14.25,-0.25,1,11,4,0,40,0.25
385,386,19.599999999999998,5.6499999999999995,0.4500000000000002,4,2,3,0,43,0.25
386,387,97.20000000000002,12.650000000000002,-1.1625000000000005,3,10,1,0,58,0.25
387,388,386.79999999999995,47.599999999999994,4.949999999999999,4,18,5,1,23,0.25
388,389,418.79999999999995,24.4,1.0999999999999999,2,13,2,1,33,0.25
389,390,145.875,20.125,2.025,2,10,1,1,22,0.25
390,391,425.0,28.0,2.5999999999999996,4,20,4,1,34,0.25
391,392,404.0,20.1,0.04999999999999982,4,6,1,1,52,0.25
392,393,314.54999999999995,28.049999999999997,1.6749999999999998,2,4,5,1,29,0.25
393,394,166.25,14.75,0.75,2,17,2,1,30,0.25
394,395,257.04999999999995,18.075,0.03749999999999987,3,13,5,1,52,0.25
395,396,482.55,26.475,1.9124999999999999,3,3,3,1,22,0.25
396,397,17.8,2.35,0.6499999999999999,1,13,2,0,29,0.25
397,398,52.5,13.625,-1.125,2,6,1,0,55,0.25
398,399,19.80000000000001,3.1000000000000014,0.2999999999999996,3,2,2,0,51,0.25
399,400,274.55000000000007,19.825000000000003,-0.27500000000000036,2,8,5,0,58,0.25
400,401,240.25,15.75,0.1499999999999999,2,10,4,1,37,0.25
401,402,107.8875,11.9875,1.0124999999999997,3,8,3,0,34,0.25
402,403,47.0,6.0,-0.5,4,9,2,0,30,0.25
403,404,263.0,10.0,0.5,1,1,4,1,50,0.25
404,405,86.425,9.825,-0.8250000000000002,3,11,2,0,36,0.25
405,406,4.0,2.0,0.875,2,2,1,0,25,0.25
406,407,39.7,10.925,-0.9750000000000001,2,10,3,0,47,0.25
407,408,134.5,19.5,-0.75,4,16,3,0,45,0.25
408,409,420.4,17.349999999999998,-0.5500000000000007,4,5,5,1,58,0.25
409,410,510.75,29.75,3.75,4,20,3,1,30,0.25
410,411,117.80000000000001,9.65,0.32499999999999996,2,4,5,0,26,0.25
411,412,146.95,12.1625,1.3874999999999997,3,16,1,1,44,0.25
412,413,288.0,17.0,-0.375,3,20,4,0,35,0.25
413,414,177.0,12.5,2.25,4,7,5,0,20,0.25
414,415,249.6375,22.5125,1.8375,3,18,1,1,38,0.25
415,416,95.5,9.65,0.34999999999999964,4,13,1,0,29,0.25
416,417,331.7,29.7,1.4499999999999997,4,4,5,1,28,0.25
417,418,338.25,18.625,0.125,2,9,1,1,30,0.25
418,419,478.7375,22.9875,-1.9875000000000003,3,2,3,0,54,0.25
419,420,182.5,22.4375,0.4375,1,16,1,1,45,0.25
420,421,322.0,20.0,1.0,4,6,2,1,45,0.25
421,422,285.0,35.0,3.0,3,3,4,1,30,0.25
422,423,32.7,2.725,0.2749999999999999,2,9,3,0,32,0.25
423,424,304.75,27.25,3.25,4,2,1,1,20,0.25
424,425,11.400000000000002,4.800000000000001,0.5999999999999996,4,19,2,0,39,0.25
425,426,97.31249999999999,13.187499999999998,0.6374999999999997,3,12,1,1,24,0.25
426,427,135.79999999999998,15.2,-0.20000000000000007,1,8,2,0,33,0.25
427,428,76.19999999999999,6.35,-0.3500000000000001,4,10,3,0,31,0.25
428,429,150.85,13.35,0.5874999999999999,1,14,3,1,34,0.25
429,430,284.125,19.9375,0.7875,1,4,1,1,21,0.25
430,431,79.6,9.45,0.36249999999999993,1,1,1,1,28,0.25
431,432,327.09999999999997,23.15,0.5749999999999997,2,15,5,1,51,0.25
432,433,305.4,12.849999999999998,-1.0500000000000007,4,1,1,1,53,0.25
433,434,59.0,15.0,0.1124999999999996,3,2,5,0,41,0.25
434,435,288.6,35.2,2.4,2,13,4,1,22,0.25
435,436,242.875,21.625,0.9249999999999998,2,18,3,1,29,0.25
436,437,176.59999999999997,12.399999999999999,1.0999999999999996,4,17,2,1,34,0.25
437,438,94.19999999999999,16.2,-0.10000000000000009,2,15,2,0,37,0.25
438,439,172.0,13.0,-0.0625,1,2,1,1,55,0.25
439,440,182.0,15.0,0.23750000000000004,1,6,1,1,43,0.25
440,441,317.5,31.25,2.8499999999999996,4,12,1,1,24,0.25
441,442,131.0,17.0,-1.25,4,12,3,0,50,0.25
442,443,152.125,11.625,0.875,2,3,3,1,50,0.25
443,444,195.0,14.0,0.5499999999999998,4,2,5,0,37,0.25
444,445,66.85000000000001,7.65,-0.8250000000000002,3,19,2,0,36,0.25
445,446,12.35,6.675,0.32499999999999996,2,14,1,0,26,0.25
446,447,68.0,4.0,0.0,2,8,2,0,45,0.25
447,448,394.8,28.2,-1.2000000000000004,3,11,4,1,56,0.25
448,449,216.875,12.875,0.125,1,16,4,0,55,0.25
449,450,48.400000000000006,3.1500000000000004,-0.15000000000000013,2,17,2,0,38,0.25
450,451,204.0,20.0,0.7999999999999998,2,9,2,1,29,0.25
451,452,171.6,15.6,0.7999999999999998,2,6,4,0,24,0.25
452,453,83.0,14.0,0.7999999999999998,2,11,2,0,29,0.25
453,454,422.6,16.1,-0.9500000000000002,4,9,3,1,57,0.25
454,455,33.787499999999994,12.2625,-0.2625000000000002,3,19,1,0,36,0.25
455,456,30.3625,2.4125,0.5874999999999999,1,19,3,0,34,0.25
456,457,195.0,14.0,0.125,1,19,4,1,55,0.25
457,458,394.0,32.5,3.5,4,12,4,1,35,0.25
458,459,77.9125,8.212499999999999,-0.7875000000000005,3,1,3,1,58,0.25
459,460,12.5,5.5,-1.25,4,19,1,0,45,0.25
460,461,355.9,15.299999999999999,1.5749999999999997,3,14,4,1,39,0.25
461,462,26.5,3.6875,0.0625,1,1,3,0,55,0.25
462,463,182.45000000000002,13.175,0.41249999999999987,3,17,3,0,42,0.25
463,464,63.5,4.25,0.3125,1,7,5,0,20,0.25
464,465,46.75,3.25,0.9375,3,16,3,0,45,0.25
465,466,87.25,9.25,0.0625,1,4,5,1,50,0.25
466,467,472.79999999999995,19.575,-0.42500000000000027,2,2,3,1,46,0.25
467,468,208.35,23.15,-0.42500000000000004,1,4,2,1,52,0.25
468,469,312.40000000000003,26.450000000000003,-2.1500000000000004,4,7,3,0,49,0.25
469,470,282.125,18.875,-0.4375,1,9,3,0,45,0.25
470,471,157.0,10.4,1.4,4,10,4,0,26,0.25
471,472,129.0,15.5,0.5,2,4,2,1,25,0.25
472,473,82.625,16.125,2.0625,3,13,3,0,20,0.25
473,474,81.4,20.6,-1.6000000000000005,4,17,2,0,51,0.25
474,475,259.8,19.6,0.8999999999999999,1,18,2,1,29,0.25
475,476,617.8000000000001,32.2,2.6999999999999997,3,17,4,1,24,0.25
476,477,148.60000000000002,13.600000000000001,0.34999999999999964,2,4,2,0,48,0.25
477,478,167.25,14.75,1.3499999999999999,3,18,4,1,32,0.25
478,479,57.000000000000014,15.250000000000004,-0.05000000000000071,4,7,3,0,48,0.25
479,480,138.8,16.975,0.48749999999999993,1,1,1,1,33,0.25
480,481,557.875,24.125,0.375,2,7,5,1,55,0.25
481,482,169.9,21.1125,0.03749999999999987,1,12,1,1,41,0.25
482,483,411.875,27.125,1.025,2,19,5,1,32,0.25
483,484,98.0,6.4,3.4,4,6,4,0,26,0.25
484,485,213.6625,16.5125,0.48749999999999993,1,12,3,0,38,0.25
485,486,536.0,29.5,1.6999999999999997,4,14,4,1,33,0.25
486,487,63.125,13.625,0.0625,1,18,5,0,60,0.25
487,488,196.25,15.25,-1.25,2,7,4,0,55,0.25
488,489,222.0,18.0,1.1999999999999997,4,2,2,1,23,0.25
489,490,134.8,16.725,1.5749999999999997,3,19,2,1,44,0.25
490,491,281.1,16.3,2.65,4,1,1,1,36,0.25
491,492,41.6,11.9,-2.45,4,2,1,0,47,0.25
492,493,105.3,5.85,-1.0500000000000003,3,3,4,1,54,0.25
493,494,255.7,13.299999999999999,-0.9000000000000004,4,10,2,1,44,0.25
494,495,204.8,12.925,0.07499999999999996,2,2,3,0,36,0.25
495,496,33.60000000000001,4.800000000000001,-0.8000000000000003,4,7,4,0,38,0.25
496,497,142.0,12.0,0.0,4,3,2,0,35,0.25
497,498,159.0,16.0,-0.20000000000000018,2,16,4,0,34,0.25
498,499,71.80000000000001,9.350000000000001,-0.6750000000000003,2,19,5,0,46,0.25
499,500,79.05000000000001,9.450000000000001,-0.4500000000000004,3,20,4,0,56,0.25
500,501,78.95,8.55,0.44999999999999973,3,5,2,1,49,0.25
501,502,237.4375,21.3125,0.4375,1,7,1,1,35,0.25
502,503,294.8,22.6,1.1999999999999993,4,6,2,1,53,0.25
503,504,182.20000000000002,20.8,-2.8000000000000007,4,15,4,0,58,0.25
504,505,320.875,28.625,2.3249999999999997,3,20,4,1,29,0.25
505,506,326.5,23.75,0.25,4,14,5,0,60,0.25
506,507,253.70000000000005,15.100000000000001,-1.0500000000000003,3,4,2,0,59,0.25
507,508,186.60000000000002,16.6,-0.10000000000000009,4,18,2,1,36,0.25
508,509,119.0,10.0,0.13749999999999996,1,1,1,0,27,0.25
509,510,398.0,32.75,2.75,4,18,5,1,35,0.25
510,511,137.0,13.600000000000001,0.1999999999999993,4,8,4,1,58,0.25
511,512,156.4,19.8,0.19999999999999973,2,4,4,0,46,0.25
512,513,398.0,20.0,-0.8625000000000003,3,1,5,0,44,0.25
513,514,336.99999999999994,16.549999999999997,1.4249999999999998,2,10,5,1,24,0.25
514,515,30.099999999999998,4.85,0.9249999999999999,1,10,4,0,23,0.25
515,516,60.0,5.0,1.65,4,18,1,0,26,0.25
516,517,36.0,3.5999999999999996,1.5999999999999999,2,13,2,0,23,0.25
517,518,24.099999999999998,4.35,1.65,3,18,2,0,33,0.25
518,519,383.4,15.85,0.1499999999999999,1,5,2,1,49,0.25
519,520,302.9,26.9,2.65,4,20,5,1,26,0.25
520,521,18.6,2.4000000000000004,0.5999999999999999,3,19,2,0,37,0.25
521,522,81.275,13.7125,-0.7125000000000001,3,17,1,0,42,0.25
522,523,27.0,3.0,0.6625,1,11,3,0,31,0.25
523,524,36.0,4.875,-0.875,2,1,5,0,50,0.25
524,525,95.80000000000001,24.200000000000003,-1.5500000000000007,4,13,1,0,48,0.25
525,526,108.39999999999999,8.95,0.04999999999999982,4,8,1,1,52,0.25
526,527,415.65,19.65,-0.4500000000000002,4,3,5,1,47,0.25
527,528,165.875,12.375,0.475,1,7,2,1,26,0.25
528,529,300.4,36.8,4.3,4,16,4,1,27,0.25
529,530,146.1875,13.5625,-1.3125,3,1,1,0,50,0.25
530,531,258.25,18.375,0.375,2,5,5,1,55,0.25
531,532,34.0,11.0,1.25,4,4,3,0,25,0.25
532,533,258.05,28.45,0.6124999999999998,1,9,5,1,48,0.25
533,534,399.875,21.9375,0.7875,1,7,5,1,31,0.25
534,535,348.44999999999993,30.949999999999996,2.8499999999999996,4,11,5,1,24,0.25
535,536,195.0,14.0,0.375,1,18,2,0,30,0.25
536,537,325.25,22.875,0.975,1,3,4,1,31,0.25
537,538,374.79999999999995,15.45,1.6124999999999996,3,19,5,1,41,0.25
538,539,217.8,13.8,1.0999999999999996,4,19,4,0,49,0.25
539,540,209.6,25.45,1.075,2,16,3,1,26,0.25
540,541,279.25,18.35,0.8374999999999999,1,6,1,1,29,0.25
541,542,184.85000000000002,15.2375,0.23750000000000004,1,19,1,1,43,0.25
542,543,59.800000000000004,15.950000000000001,0.34999999999999964,4,18,3,0,54,0.25
543,544,120.0,11.0,0.5499999999999998,2,8,4,0,39,0.25
544,545,325.09999999999997,12.349999999999998,-1.5500000000000007,4,5,3,1,53,0.25
545,546,58.8,3.8625,0.13749999999999996,1,16,3,0,52,0.25
546,547,328.0,16.25,2.75,4,18,1,1,35,0.25
547,548,50.0,10.0,2.1999999999999997,4,14,2,0,23,0.25
548,549,75.175,8.575,0.4249999999999998,2,1,1,0,34,0.25
549,550,337.59999999999997,20.912499999999998,0.6374999999999997,3,12,1,1,34,0.25
550,551,230.2,17.4,-0.9000000000000004,2,13,2,1,53,0.25
551,552,49.0,7.0,2.15,4,5,1,0,21,0.25
552,553,470.625,22.125,1.6875,3,5,5,1,30,0.25
553,554,483.70000000000005,21.85,-0.07500000000000018,1,11,2,1,58,0.25
554,555,99.02499999999999,16.3375,0.3374999999999999,1,2,5,0,29,0.25
555,556,36.175,11.725,1.7249999999999999,2,10,3,0,23,0.25
556,557,423.2,26.2,2.55,3,17,2,1,31,0.25
557,558,36.0,6.0,0.9749999999999999,2,14,3,0,28,0.25
558,559,258.0,12.9,0.09999999999999987,1,5,2,1,51,0.25
559,560,359.79999999999995,22.299999999999997,0.09999999999999964,4,7,2,1,44,0.25
560,561,57.0,15.5,-1.5,3,11,2,0,45,0.25
561,562,243.0,19.0,-2.75,4,16,3,0,55,0.25
562,563,272.5,17.9,1.4749999999999999,2,11,3,1,38,0.25
563,564,54.3625,4.4125,-0.4125000000000001,1,7,5,0,49,0.25
564,565,15.000000000000007,1.6000000000000005,0.6999999999999997,2,2,2,0,41,0.25
565,566,162.79999999999998,9.399999999999999,0.19999999999999973,2,7,4,1,46,0.25
566,567,23.625,8.875,0.375,2,5,3,0,40,0.25
567,568,90.5,7.375,0.6875,1,4,5,0,25,0.25
568,569,291.625,22.125,1.025,2,8,5,1,42,0.25
569,570,254.0,14.0,1.5,4,11,2,1,40,0.25
570,571,108.0,12.0,0.6875,1,8,3,0,30,0.25
571,572,106.50000000000001,21.700000000000003,0.32499999999999973,2,19,5,0,56,0.25
572,573,538.0,35.6,3.4,4,3,4,1,36,0.25
573,574,44.175000000000004,3.475,-0.4750000000000001,2,11,1,0,42,0.25
574,575,190.5875,21.2875,0.7124999999999995,3,4,5,0,53,0.25
575,576,302.5,21.25,2.65,4,6,3,1,31,0.25
576,577,229.92499999999998,13.524999999999999,0.17499999999999982,2,13,1,1,59,0.25
577,578,86.50000000000001,8.850000000000001,0.28749999999999987,1,14,1,0,41,0.25
578,579,19.475,1.4625000000000001,1.5374999999999999,3,2,1,0,32,0.25
579,580,783.1999999999999,45.599999999999994,3.9499999999999997,4,13,5,1,23,0.25
580,581,380.2,27.3,-0.8250000000000002,2,4,5,0,59,0.25
581,582,367.4,17.4,-0.30000000000000027,3,15,2,1,39,0.25
582,583,337.8,23.7,0.4624999999999999,1,6,5,1,24,0.25
583,584,210.0,25.5,2.25,4,15,5,1,30,0.25
584,585,245.76250000000002,12.9875,1.0124999999999997,3,14,5,1,59,0.25
585,586,230.79999999999998,25.2,2.05,4,12,5,1,42,0.25
586,587,179.5,21.8125,0.9624999999999999,1,20,3,1,29,0.25
587,588,70.27499999999999,7.475,0.7374999999999999,1,17,5,0,23,0.25
588,589,144.8,12.8,0.44999999999999996,2,19,2,1,36,0.25
589,590,39.0,3.0,2.25,3,9,2,0,25,0.25
590,591,208.0,19.0,-1.0,2,5,2,0,45,0.25
591,592,145.2,12.35,-0.3500000000000001,2,3,4,0,47,0.25
592,593,353.04999999999995,31.549999999999997,1.9249999999999998,2,2,5,1,24,0.25
593,594,64.0,8.0,-0.11250000000000004,1,1,1,0,27,0.25
594,595,165.4,21.425,-1.4250000000000003,3,1,2,0,54,0.25
595,596,133.0,11.25,0.25,1,9,4,0,50,0.25
596,597,644.5,31.924999999999997,1.9874999999999998,3,12,5,1,26,0.25
597,598,157.35,17.15,0.1499999999999999,2,2,4,1,47,0.25
598,599,126.0,9.0,0.19999999999999996,2,2,2,0,31,0.25
599,600,209.0,13.8,-0.5999999999999999,3,15,2,1,43,0.25
600,601,425.5,21.425,-0.4750000000000001,1,14,2,0,54,0.25
601,602,194.1875,12.6125,1.5374999999999999,3,8,3,1,37,0.25
602,603,140.5,9.75,-0.25,4,19,5,1,55,0.25
603,604,197.4,12.4,1.7999999999999998,4,14,2,0,37,0.25
604,605,232.60000000000002,13.8,-0.8000000000000003,2,9,2,0,41,0.25
605,606,430.625,28.375,2.075,2,1,5,1,31,0.25
606,607,260.0,31.875,2.175,3,14,4,1,31,0.25
607,608,73.80000000000004,4.400000000000002,1.1499999999999995,4,8,5,0,51,0.25
608,609,81.4,6.7,0.7,2,4,4,0,26,0.25
609,610,217.15000000000003,15.725000000000001,-0.5750000000000002,2,16,1,0,34,0.25
610,611,140.70000000000002,12.225000000000001,-0.03750000000000009,1,16,1,0,54,0.25
611,612,28.875,9.625,0.625,1,15,4,0,25,0.25
612,613,490.0,30.25,1.875,3,20,4,1,25,0.25
613,614,208.8,12.8,1.2,2,9,2,1,31,0.25
614,615,607.0,30.2,2.55,4,13,1,1,37,0.25
615,616,153.6,13.6,0.6499999999999999,4,19,1,1,36,0.25
616,617,466.80000000000007,38.400000000000006,4.4,4,20,2,1,21,0.25
617,618,156.0,11.0,0.3999999999999999,2,20,4,0,22,0.25
618,619,44.8125,2.8125,0.1875,1,19,1,0,45,0.25
619,620,325.5,14.75,0.25,4,6,5,1,50,0.25
620,621,196.60000000000002,16.3,1.2999999999999998,4,11,4,0,27,0.25
621,622,361.5,14.299999999999999,-0.6750000000000003,2,1,3,1,51,0.25
622,623,181.0,20.0,-0.9000000000000001,3,12,2,1,47,0.25
623,624,204.25,22.25,0.44999999999999973,2,12,4,1,41,0.25
624,625,92.75,9.875,0.0625,1,19,5,0,60,0.25
625,626,172.0,16.6,1.5999999999999999,2,17,2,1,23,0.25
626,627,46.75,9.35,0.35,1,8,2,0,21,0.25
627,628,393.34999999999997,28.025,0.5125,1,12,5,1,52,0.25
628,629,130.04999999999998,9.85,-1.5750000000000002,3,17,2,1,56,0.25
629,630,135.375,9.8125,0.1875,1,2,3,0,40,0.25
630,631,65.9,7.9875,-0.012499999999999956,1,3,1,1,43,0.25
631,632,65.30000000000001,5.1000000000000005,0.9499999999999997,4,4,3,0,38,0.25
632,633,481.6,18.6,0.2999999999999998,2,1,2,1,59,0.25
633,634,54.125,10.825,0.825,1,13,2,0,22,0.25
634,635,72.0,12.0,1.0,4,4,4,0,30,0.25
635,636,206.95000000000002,12.350000000000001,-1.1750000000000003,2,2,1,0,46,0.25
636,637,25.487500000000004,10.162500000000001,-1.3875000000000002,3,1,1,0,41,0.25
637,638,209.0,15.0,-0.25,4,8,1,0,45,0.25
638,639,301.75,22.75,2.55,4,4,3,1,22,0.25
639,640,498.0,22.5,0.25,4,12,5,1,50,0.25
640,641,31.0,10.0,1.6124999999999998,3,7,5,0,31,0.25
641,642,340.55,16.55,-2.1375,3,2,3,0,56,0.25
642,643,326.4,20.025,0.3374999999999999,1,16,3,1,24,0.25
643,644,181.0,12.0,0.04999999999999982,2,19,4,0,29,0.25
644,645,127.375,9.875,0.125,1,12,2,0,40,0.25
645,646,222.09999999999997,15.649999999999999,1.5499999999999998,2,4,2,1,34,0.25
646,647,36.0,7.0,0.375,1,16,2,0,20,0.25
647,648,423.27500000000003,22.225,0.07499999999999996,1,18,2,1,42,0.25
648,649,30.5,3.35,-0.3500000000000001,2,19,2,0,42,0.25
649,650,331.0,20.375,2.075,2,19,3,1,26,0.25
650,651,331.7,14.85,0.7124999999999998,3,8,3,1,38,0.25
651,652,15.325000000000003,5.775,0.22499999999999998,1,3,2,0,36,0.25
652,653,313.95,24.15,-0.15000000000000036,4,19,1,1,54,0.25
653,654,231.5,19.375,-0.375,3,13,4,0,45,0.25
654,655,433.4,20.4,0.8499999999999996,4,10,5,1,44,0.25
655,656,73.0,12.0,0.6625,1,18,5,0,26,0.25
656,657,152.0,19.375,-0.6750000000000003,2,5,1,0,56,0.25
657,658,23.349999999999998,3.7249999999999996,0.7249999999999999,2,7,5,0,28,0.25
658,659,174.1,15.1,0.5125,1,15,5,1,22,0.25
659,660,231.3125,15.4875,-0.1625000000000001,1,17,3,0,44,0.25
660,661,126.55,13.95,0.04999999999999982,4,3,3,1,57,0.25
661,662,139.55,7.450000000000001,-1.1500000000000004,4,16,1,0,54,0.25
662,663,30.0,3.0,0.7124999999999999,1,16,5,0,34,0.25
663,664,361.0,19.0,-0.5,2,3,2,1,45,0.25
664,665,76.1,5.699999999999999,0.8999999999999999,4,9,4,0,21,0.25
665,666,52.800000000000004,14.700000000000001,0.07499999999999973,2,6,1,0,51,0.25
666,667,52.550000000000004,16.85,2.925,3,10,4,0,21,0.25
667,668,300.75,21.125,1.4249999999999998,3,17,4,1,31,0.25
668,669,71.61250000000001,8.512500000000001,0.16249999999999987,1,3,5,0,56,0.25
669,670,327.9875,17.2625,1.0874999999999995,3,3,5,1,58,0.25
670,671,147.975,13.725,1.2750000000000001,3,18,4,0,43,0.25
671,672,111.19999999999999,13.399999999999999,-0.15000000000000036,4,14,1,1,34,0.25
672,673,123.725,13.524999999999999,0.26249999999999973,3,17,3,1,54,0.25
673,674,90.375,13.625,0.4750000000000001,2,10,1,0,43,0.25
674,675,72.19999999999999,8.899999999999999,0.44999999999999973,3,2,4,0,24,0.25
675,676,58.72500000000001,4.3375,-0.33750000000000013,1,8,3,0,41,0.25
676,677,218.0,17.75,0.5499999999999998,2,1,2,1,24,0.25
677,678,642.25,27.75,-0.0625,1,17,5,1,55,0.25
678,679,419.79999999999995,24.4,2.4,3,10,2,1,23,0.25
679,680,335.2,21.075,-1.4625000000000004,3,9,1,1,52,0.25
680,681,490.20000000000005,20.425,0.2124999999999999,1,1,1,1,54,0.25
681,682,7.625,2.875,0.125,2,8,1,0,30,0.25
682,683,422.0,34.75,4.15,4,5,1,1,21,0.25
683,684,447.54999999999995,26.15,-2.1500000000000004,4,16,1,1,54,0.25
684,685,170.0,13.0,-1.2000000000000004,3,9,2,1,51,0.25
685,686,403.40000000000003,25.400000000000002,-1.3500000000000005,3,7,2,0,53,0.25
686,687,105.5,9.375,-0.6875,1,4,1,0,60,0.25
687,688,478.40000000000003,26.8,-0.9500000000000002,2,18,4,0,59,0.25
688,689,167.0,20.25,0.44999999999999996,2,15,4,1,31,0.25
689,690,158.8,13.4,-0.3500000000000001,2,12,4,0,47,0.25
690,691,113.35,12.149999999999999,0.7874999999999999,3,1,5,1,42,0.25
691,692,177.95,14.9125,1.0875,3,17,3,0,33,0.25
692,693,54.0,9.0,2.0625,3,9,3,0,30,0.25
693,694,367.25,25.875,1.9749999999999999,2,15,1,1,23,0.25
694,695,118.7,8.9,3.9,4,4,4,0,21,0.25
695,696,478.5625,31.4375,2.0625,3,15,3,1,20,0.25
696,697,128.625,14.625,-0.625,2,10,1,0,35,0.25
697,698,114.05,8.85,1.15,4,18,3,0,36,0.25
698,699,119.94999999999999,10.45,0.6124999999999999,1,10,3,1,33,0.25
699,700,33.0,11.0,0.7625,1,12,3,0,27,0.25
700,701,228.6,25.4,-0.30000000000000027,3,20,2,1,59,0.25
701,702,644.0,28.0,-1.4250000000000003,3,1,4,1,59,0.25
702,703,50.525000000000006,8.5875,0.4125,1,20,1,0,36,0.25
703,704,172.5,20.9375,1.3874999999999997,3,12,3,1,29,0.25
704,705,626.0,37.0,-2.5,4,16,4,0,55,0.25
705,706,40.0,5.0,1.5,2,10,2,0,25,0.25
706,707,391.04999999999995,29.849999999999998,1.4624999999999995,3,3,3,1,48,0.25
707,708,265.375,20.875,-1.5750000000000002,2,20,3,0,59,0.25
708,709,120.0,11.0,2.4499999999999997,4,1,5,0,38,0.25
709,710,35.375,6.875,1.875,3,5,2,0,20,0.25
710,711,306.0,20.2,2.5999999999999996,4,2,2,1,39,0.25
711,712,272.0,17.0,0.25,4,18,1,1,50,0.25
712,713,175.0,22.375,-1.2750000000000004,3,7,2,0,52,0.25
713,714,535.0,19.0,0.5499999999999998,4,5,5,1,57,0.25
714,715,49.099999999999994,7.85,0.9249999999999998,2,17,5,0,24,0.25
715,716,463.29999999999995,26.9,1.65,2,6,2,1,22,0.25
716,717,100.0,10.0,-0.4500000000000002,3,5,4,0,36,0.25
717,718,117.35000000000001,13.15,-0.15000000000000013,3,7,2,0,37,0.25
718,719,17.25,3.6500000000000004,1.3499999999999996,4,14,1,0,29,0.25
719,720,349.0,23.0,1.25,4,9,3,1,35,0.25
720,721,59.0,4.0,1.8999999999999995,4,2,4,0,41,0.25
721,722,224.3125,14.6875,0.3374999999999998,3,10,1,1,28,0.25
722,723,57.70000000000001,4.550000000000001,0.4499999999999993,4,2,5,0,58,0.25
723,724,207.125,13.875,1.125,3,16,4,0,45,0.25
724,725,253.2,15.7,-0.15000000000000036,2,3,2,1,48,0.25
725,726,121.0,11.0,1.275,2,4,5,0,37,0.25
726,727,74.7,19.425,-1.475,2,7,1,0,52,0.25
727,728,282.5,27.75,3.15,3,6,2,1,23,0.25
728,729,133.4,17.175,-0.5875000000000001,1,6,3,0,51,0.25
729,730,160.0,10.0,-0.10000000000000009,2,7,4,0,32,0.25
730,731,206.5,22.5,-1.75,4,10,3,1,55,0.25
731,732,258.5,21.125,0.4249999999999998,2,8,5,1,34,0.25
732,733,551.9000000000001,22.9125,1.0874999999999995,3,18,5,1,58,0.25
733,734,198.0,24.25,1.0499999999999998,3,19,4,1,36,0.25
734,735,45.400000000000006,12.100000000000001,1.2999999999999998,4,17,4,0,47,0.25
735,736,20.2875,7.7625,0.41249999999999987,3,16,1,0,37,0.25
736,737,452.90000000000003,31.85,1.9749999999999999,2,17,5,1,23,0.25
737,738,592.0,24.5,1.125,3,5,4,1,45,0.25
738,739,70.3,17.825,0.17499999999999982,2,3,5,0,39,0.25
739,740,245.39999999999998,15.399999999999999,-0.15000000000000036,2,16,2,1,48,0.25
740,741,211.20000000000005,9.600000000000001,-0.30000000000000027,3,15,2,1,59,0.25
741,742,210.0,25.625,2.3249999999999997,3,2,4,1,29,0.25
742,743,457.325,21.825,-0.8250000000000004,3,4,4,0,51,0.25
743,744,120.39999999999999,10.45,-1.225,2,13,1,0,57,0.25
744,745,162.6,18.4,-0.20000000000000018,2,19,2,1,59,0.25
745,746,76.44999999999999,12.575,0.575,1,13,4,0,27,0.25
746,747,179.14999999999998,16.65,0.4500000000000002,4,16,3,0,43,0.25
747,748,197.39999999999998,16.2,-0.6000000000000005,4,1,2,1,41,0.25
748,749,49.000000000000014,2.6000000000000005,0.6999999999999997,2,5,4,0,46,0.25
749,750,143.60000000000005,8.200000000000003,0.1999999999999993,4,14,4,0,58,0.25
750,751,230.5625,25.0625,0.4125,1,7,5,1,36,0.25
751,752,41.40000000000001,5.300000000000002,0.6749999999999996,3,19,4,0,51,0.25
752,753,83.60000000000001,21.650000000000002,-0.9500000000000002,4,1,1,0,52,0.25
753,754,20.7,10.35,1.65,4,7,1,0,26,0.25
754,755,69.9875,6.3625,0.6375,1,17,5,0,37,0.25
755,756,310.5,15.375,1.125,2,16,3,1,45,0.25
756,757,175.75,24.25,1.75,4,1,3,1,20,0.25
757,758,321.5,26.375,0.875,2,12,5,1,35,0.25
758,759,288.2,20.3,0.07499999999999996,1,14,2,1,32,0.25
759,760,172.8,11.05,-1.1750000000000003,2,6,3,0,51,0.25
760,761,374.4,13.299999999999999,0.8249999999999997,3,13,4,1,59,0.25
761,762,156.7,12.975,0.9749999999999999,3,19,4,0,27,0.25
762,763,356.0,21.9375,1.9874999999999998,3,14,5,1,36,0.25
763,764,294.79999999999995,36.099999999999994,4.35,4,11,3,1,24,0.25
764,765,100.0,10.0,-0.125,2,19,1,0,25,0.25
765,766,327.5,21.5,1.625,2,16,3,1,35,0.25
766,767,15.0,5.0,2.175,3,7,2,0,26,0.25
767,768,238.89999999999998,20.075,-0.07500000000000018,2,2,5,0,44,0.25
768,769,97.92500000000001,16.4875,-0.48750000000000027,3,14,3,0,34,0.25
769,770,27.75,7.4375,0.1875,1,5,3,0,50,0.25
770,771,366.3125,21.3125,2.6624999999999996,3,15,3,1,32,0.25
771,772,550.5,30.25,3.65,4,19,3,1,21,0.25
772,773,531.0,23.0,-0.2625000000000002,1,10,5,1,53,0.25
773,774,55.0,7.125,-0.625,2,3,3,0,50,0.25
774,775,97.0,6.0,0.9375,3,12,5,0,30,0.25
775,776,47.25,11.8125,0.8125,1,10,1,0,20,0.25
776,777,406.2,22.4,2.0999999999999996,3,9,2,1,37,0.25
777,778,329.29999999999995,29.299999999999997,2.2874999999999996,3,12,5,1,22,0.25
778,779,368.2,22.7,1.6749999999999998,2,14,5,1,39,0.25
779,780,222.05,16.85,-0.04999999999999982,4,20,5,1,43,0.25
780,781,254.0,18.0,-0.9375,3,18,5,1,55,0.25
781,782,100.77499999999999,16.4625,0.48749999999999993,1,9,5,0,23,0.25
782,783,362.0,22.3125,2.0625,3,3,5,1,35,0.25
783,784,478.0,23.6,0.6,1,10,4,1,26,0.25
784,785,148.82500000000002,8.2125,0.7874999999999999,3,19,3,1,57,0.25
785,786,172.625,16.5625,0.9125,1,1,3,1,21,0.25
786,787,81.0,9.0,3.0999999999999996,4,6,4,0,29,0.25
787,788,130.0,13.0,0.22499999999999998,1,19,2,0,26,0.25
788,789,383.1125,22.712500000000002,-1.3875000000000002,3,7,3,0,56,0.25
789,790,51.7,13.175,0.8249999999999997,2,16,3,0,41,0.25
790,791,18.400000000000002,4.6000000000000005,1.1999999999999997,4,5,4,0,38,0.25
791,792,189.85,8.85,-0.15000000000000013,1,18,4,1,46,0.25
792,793,64.925,3.6624999999999996,0.33750000000000013,3,20,3,0,43,0.25
793,794,590.8000000000001,22.8,-2.4000000000000004,4,7,2,1,59,0.25
794,795,236.57500000000002,26.175,0.17499999999999982,2,8,3,1,54,0.25
795,796,154.0,14.0,0.75,2,9,2,0,30,0.25
796,797,227.10000000000002,19.175,0.8249999999999997,2,16,5,0,46,0.25
797,798,135.79999999999998,15.2,0.7999999999999998,2,3,2,1,49,0.25
798,799,142.89999999999998,12.075,-0.03750000000000009,1,7,1,0,54,0.25
799,800,187.0,24.0,-0.6000000000000001,1,1,2,0,59,0.25
800,801,328.47499999999997,18.6375,-0.6375000000000004,3,12,1,0,51,0.25
801,802,91.0,13.0,-0.30000000000000027,3,12,4,0,34,0.25
802,803,176.875,19.875,-0.625,2,6,5,0,55,0.25
803,804,303.75,22.75,1.125,2,8,5,1,20,0.25
804,805,94.4375,14.0625,-0.0625,1,2,1,0,45,0.25
805,806,127.39999999999998,10.7,0.6499999999999999,2,18,2,0,32,0.25
806,807,14.0,2.0,2.2874999999999996,3,15,1,0,22,0.25
807,808,287.9,16.7,-0.07500000000000018,2,1,3,1,49,0.25
808,809,63.0,7.0,2.05,4,16,1,0,22,0.25
809,810,41.0,5.0,3.25,4,4,3,0,25,0.25
810,811,26.400000000000002,7.1000000000000005,-0.050000000000000266,2,6,2,0,46,0.25
811,812,123.65,6.925000000000001,0.07499999999999973,3,17,4,0,39,0.25
812,813,319.0,16.0,0.375,3,6,2,1,50,0.25
813,814,171.9375,19.4375,-0.2875000000000001,1,11,3,0,59,0.25
814,815,352.625,19.8125,-0.6875,1,12,1,0,50,0.25
815,816,66.0,11.0,0.23749999999999993,1,13,3,0,28,0.25
816,817,286.0,23.5,1.5,2,20,4,1,40,0.25
817,818,104.80000000000001,13.350000000000001,-0.4500000000000002,4,4,1,0,57,0.25
818,819,398.4,23.2,0.7999999999999999,1,20,2,1,33,0.25
819,820,51.0,14.5,-3.5,4,6,2,0,60,0.25
820,821,125.19999999999999,16.4,-1.4000000000000004,4,3,2,0,49,0.25
821,822,281.25,21.25,2.25,3,1,2,1,25,0.25
822,823,137.39999999999998,8.2,0.6000000000000001,2,15,2,0,43,0.25
823,824,234.0,10.5,-0.375,3,6,2,1,60,0.25
824,825,488.0,22.0,0.16249999999999987,1,5,1,1,46,0.25
825,826,283.6,34.7,3.4499999999999997,4,20,5,1,28,0.25
826,827,34.39999999999999,5.199999999999999,0.6000000000000001,2,15,2,0,43,0.25
827,828,95.6,6.1,-0.10000000000000009,1,4,2,0,39,0.25
828,829,41.6,10.9,1.0999999999999996,4,8,4,0,49,0.25
829,830,64.275,4.6625000000000005,0.33749999999999947,3,15,5,0,58,0.25
830,831,185.4,20.6,0.1499999999999999,1,8,2,1,49,0.25
831,832,48.224999999999994,17.075,-0.07500000000000018,2,10,3,0,39,0.25
832,833,169.7,10.1,0.5499999999999998,2,16,2,1,54,0.25
833,834,39.0,13.0,0.7999999999999998,4,14,2,0,27,0.25
834,835,465.0,26.0,-0.07500000000000018,1,13,2,1,58,0.25
835,836,585.75,27.75,2.95,4,10,5,1,43,0.25
836,837,143.0,17.25,1.45,2,16,2,1,26,0.25
837,838,35.2,10.3,-0.6500000000000001,1,13,4,0,56,0.25
838,839,180.8,22.1,1.275,2,11,3,1,32,0.25
839,840,10.8,1.2000000000000002,0.8999999999999999,4,5,2,0,36,0.25
840,841,88.50000000000003,6.100000000000001,0.47499999999999964,2,5,3,0,48,0.25
841,842,69.2,5.8500000000000005,1.5749999999999997,3,9,2,0,34,0.25
842,843,98.5,9.5,0.375,3,13,2,0,50,0.25
843,844,171.8,9.600000000000001,-0.6000000000000005,4,1,4,0,56,0.25
844,845,42.05,14.35,-0.17500000000000004,1,17,2,0,42,0.25
845,846,179.75,17.275,1.325,2,5,3,1,21,0.25
846,847,179.0,8.0,-1.0499999999999998,4,12,1,1,43,0.25
847,848,209.54999999999998,15.325,-1.3250000000000002,2,14,1,0,49,0.25
848,849,580.5,22.25,-0.125,1,17,2,1,60,0.25
849,850,330.4,20.4,1.0999999999999999,2,4,4,1,38,0.25
850,851,222.875,15.5625,0.7124999999999998,3,10,1,1,23,0.25
851,852,272.6,21.200000000000003,-2.1500000000000004,4,11,3,0,59,0.25
852,853,15.950000000000001,4.65,0.825,2,7,5,0,26,0.25
853,854,139.0,16.75,0.34999999999999987,2,12,4,1,33,0.25
854,855,122.475,13.274999999999999,1.4249999999999996,3,11,4,1,41,0.25
855,856,90.60000000000001,23.650000000000002,-0.9500000000000002,4,5,3,0,57,0.25
856,857,21.400000000000002,3.9000000000000004,1.0499999999999998,4,13,1,0,32,0.25
857,858,225.5,18.375,0.47499999999999987,2,2,1,1,23,0.25
858,859,69.4,5.1000000000000005,-1.0500000000000003,4,19,1,0,33,0.25
859,860,124.125,11.375,-0.375,2,18,1,0,30,0.25
860,861,317.5,31.25,2.8499999999999996,4,16,1,1,24,0.25
861,862,69.0,4.0,0.0,2,12,2,0,45,0.25
862,863,61.5,4.5,0.75,3,13,4,0,20,0.25
863,864,549.0,26.0,-0.5500000000000007,4,20,3,1,53,0.25
864,865,87.25,23.3125,-2.4375,3,20,1,0,55,0.25
865,866,120.24999999999999,7.949999999999999,0.9749999999999999,2,8,5,0,23,0.25
866,867,283.0,34.5,3.6999999999999997,4,20,4,1,23,0.25
867,868,475.0,29.375,2.075,2,4,3,1,26,0.25
868,869,81.0,8.5,-0.375,3,11,2,0,40,0.25
869,870,26.950000000000003,9.65,0.34999999999999987,1,6,2,0,41,0.25
870,871,351.5,24.75,2.75,4,14,3,1,30,0.25
871,872,239.5,13.25,2.25,4,3,1,1,40,0.25
872,873,328.99999999999994,16.299999999999997,1.0749999999999997,2,11,3,1,46,0.25
873,874,206.79999999999998,15.6,0.6499999999999999,1,3,4,1,44,0.25
874,875,474.0,29.3125,2.0625,3,15,5,1,35,0.25
875,876,319.625,24.125,1.2249999999999999,2,16,3,1,23,0.25
876,877,307.90000000000003,21.85,-0.5750000000000002,2,5,5,1,54,0.25
877,878,80.6,6.55,1.775,2,5,5,0,27,0.25
878,879,250.5,14.5,1.5,3,8,4,1,50,0.25
879,880,113.4,15.3,-3.6500000000000004,4,15,1,0,59,0.25
880,881,124.14999999999999,13.35,0.3374999999999999,1,11,5,1,39,0.25
881,882,169.0,11.4,0.29999999999999993,1,12,2,0,33,0.25
882,883,346.25,17.0625,1.0124999999999997,3,19,5,1,39,0.25
883,884,54.650000000000006,17.55,1.5499999999999998,4,8,5,0,27,0.25
884,885,199.10000000000002,8.700000000000001,0.09999999999999964,4,5,4,0,59,0.25
885,886,38.599999999999994,12.2,1.1999999999999997,3,7,4,0,24,0.25
886,887,215.35000000000002,24.150000000000002,-1.5375000000000005,3,8,5,0,53,0.25
887,888,277.0,22.75,2.15,4,19,3,1,36,0.25
888,889,113.45000000000002,16.35,-2.3500000000000005,4,2,1,0,46,0.25
889,890,10.0,3.0,1.7,2,2,4,0,26,0.25
890,891,154.57500000000002,17.175,-0.08750000000000013,1,11,1,1,56,0.25
891,892,11.475000000000001,3.825,1.1749999999999998,2,9,1,0,29,0.25
892,893,307.8125,15.9375,0.9874999999999999,1,12,3,1,28,0.25
893,894,41.0,5.0,0.13749999999999996,1,11,3,0,22,0.25
894,895,33.600000000000044,2.2000000000000024,0.2999999999999996,3,20,4,0,56,0.25
895,896,479.0,22.0,-0.8000000000000003,2,8,4,0,56,0.25
896,897,96.875,10.875,0.5625,3,2,1,0,35,0.25
897,898,411.29999999999995,23.9,1.65,3,14,4,1,28,0.25
898,899,98.0,7.0,1.3125,3,9,5,0,35,0.25
899,900,225.0,11.0,0.5,2,18,4,1,30,0.25
900,901,239.85000000000002,9.225000000000001,-0.0750000000000004,3,8,2,1,56,0.25
901,902,68.60000000000001,5.800000000000001,0.19999999999999973,4,12,2,0,33,0.25
902,903,14.5,6.75,1.75,4,7,3,0,20,0.25
903,904,36.0,6.0,2.0625,3,9,3,0,30,0.25
904,905,165.2,10.45,1.275,3,8,2,0,38,0.25
905,906,11.200000000000001,3.0500000000000003,0.9499999999999997,2,16,4,0,41,0.25
906,907,288.0,17.0,-0.7875000000000001,3,7,3,0,38,0.25
907,908,149.99999999999997,7.399999999999999,-0.40000000000000036,4,7,2,1,49,0.25
908,909,319.29999999999995,28.299999999999997,2.05,4,17,5,1,22,0.25
909,910,109.0,6.75,0.75,3,17,4,0,30,0.25
910,911,508.0,18.0,0.1999999999999993,4,3,4,1,58,0.25
911,912,192.79999999999998,13.7,1.3499999999999999,3,13,4,0,22,0.25
912,913,320.75,17.875,0.02499999999999991,1,3,4,0,59,0.25
913,914,9.0,3.0,0.48749999999999993,3,6,3,0,31,0.25
914,915,381.125,25.075,1.025,2,3,3,1,37,0.25
915,916,216.17499999999998,23.575,-0.5750000000000002,2,9,3,1,59,0.25
916,917,49.699999999999996,3.9749999999999996,0.48749999999999993,1,11,5,0,23,0.25
917,918,225.5,25.5,0.25,2,8,2,1,60,0.25
918,919,255.42499999999998,15.024999999999999,0.6749999999999996,3,19,4,1,51,0.25
919,920,228.8,14.175,1.0875000000000001,3,20,3,1,43,0.25
920,921,489.2,26.9,3.15,4,18,5,1,31,0.25
921,922,90.39999999999999,6.8,1.9,4,18,4,0,21,0.25
922,923,97.125,6.675,-0.675,2,17,1,0,36,0.25
923,924,4.6000000000000005,2.2,1.9,4,6,2,0,36,0.25
924,925,101.60000000000001,8.8,-0.8000000000000007,4,7,2,0,53,0.25
925,926,264.09999999999997,13.899999999999999,0.9499999999999997,2,14,2,1,46,0.25
926,927,205.0,12.0,0.75,3,12,4,1,50,0.25
927,928,66.35000000000001,18.337500000000002,-0.7625000000000002,1,1,3,0,58,0.25
928,929,560.8,23.2,1.7999999999999998,4,20,4,1,42,0.25
929,930,160.39999999999998,14.399999999999999,0.8499999999999999,2,1,2,1,38,0.25
930,931,148.0,10.5,2.25,4,3,5,0,20,0.25
931,932,347.375,15.5625,0.7124999999999999,1,5,5,1,34,0.25
932,933,237.0,21.0,0.7999999999999999,1,15,4,1,28,0.25
933,934,206.75,11.375,0.1875,3,20,1,1,40,0.25
934,935,185.14999999999998,20.349999999999998,-0.41250000000000053,3,17,5,1,48,0.25
935,936,602.4,27.2,1.2999999999999998,4,8,4,1,37,0.25
936,937,52.0,3.0,0.03749999999999987,3,12,5,0,32,0.25
937,938,229.79999999999998,12.6,0.1499999999999999,1,3,2,1,39,0.25
938,939,105.27499999999999,11.475,0.8249999999999997,3,10,4,1,49,0.25
939,940,285.25,18.75,0.1875,3,17,3,1,35,0.25
940,941,54.400000000000006,15.100000000000001,-1.5500000000000003,2,19,2,0,56,0.25
941,942,604.5,27.25,1.0499999999999998,4,2,5,1,32,0.25
942,943,235.8125,16.1875,-1.3125,3,17,1,0,50,0.25
943,944,542.65,19.95,-1.0250000000000004,2,16,3,1,58,0.25
944,945,325.4,39.8,2.4749999999999996,2,7,5,1,23,0.25
945,946,182.8,22.475,1.2374999999999998,3,15,1,1,36,0.25
946,947,39.0,10.0,0.25,1,12,2,0,45,0.25
947,948,584.25,29.0625,1.6875,3,14,3,1,45,0.25
948,949,615.5,27.75,1.75,4,1,5,1,35,0.25
949,950,292.08750000000003,22.2375,0.41249999999999987,1,16,5,1,46,0.25
950,951,79.94999999999999,8.549999999999999,-0.15000000000000036,4,12,5,1,44,0.25
951,952,212.60000000000002,12.8,-1.1,2,13,2,0,57,0.25
952,953,53.0,9.0,1.65,4,1,3,0,31,0.25
953,954,35.8,4.85,-0.42500000000000004,1,4,4,0,47,0.25
954,955,163.5,20.3125,0.4375,1,11,1,1,45,0.25
955,956,298.25,24.4375,0.48749999999999993,1,13,5,1,33,0.25
956,957,288.85,24.2375,-0.23750000000000004,1,14,1,1,52,0.25
957,958,152.89999999999998,17.099999999999998,1.2749999999999995,3,6,2,1,48,0.25
958,959,402.0,21.0,-0.25,4,16,1,1,45,0.25
959,960,187.99999999999997,9.299999999999999,0.07499999999999973,2,2,1,1,51,0.25
960,961,56.800000000000004,4.2,-0.20000000000000007,1,7,4,0,38,0.25
961,962,71.39999999999999,10.2,0.3999999999999999,2,15,4,0,42,0.25
962,963,255.39999999999998,15.2,-0.9000000000000001,3,6,2,1,57,0.25
963,964,571.25,33.25,2.75,4,16,5,1,25,0.25
964,965,37.0,12.0,1.5999999999999999,2,15,4,0,28,0.25
965,966,26.0,8.0,2.775,3,4,4,0,23,0.25
966,967,201.39999999999998,24.299999999999997,1.5499999999999998,4,16,3,1,22,0.25
967,968,64.0,8.0,-0.10000000000000009,2,8,2,0,27,0.25
968,969,284.475,16.675,-0.3250000000000002,2,11,1,1,39,0.25
969,970,10.0,2.0,-0.08750000000000002,1,18,1,0,26,0.25
970,971,142.8,9.05,-0.050000000000000044,2,1,2,0,36,0.25
971,972,761.3000000000001,27.225,-0.3875000000000002,1,6,5,1,58,0.25
972,973,715.75,35.4875,2.2125,3,12,5,1,23,0.25
973,974,216.51250000000005,19.137500000000003,1.1625,1,2,5,1,26,0.25
974,975,103.75,11.75,-0.75,2,3,2,1,60,0.25
975,976,44.0,4.0,-0.3500000000000001,4,15,5,0,36,0.25
976,977,70.2625,10.0375,0.03749999999999987,3,10,5,0,32,0.25
977,978,54.0,9.0,0.22499999999999998,1,13,4,0,31,0.25
978,979,273.2,21.4,-1.7000000000000002,4,6,4,0,57,0.25
979,980,124.625,13.625,0.625,2,3,3,1,55,0.25
980,981,322.45,14.475,-0.5250000000000001,3,10,2,1,42,0.25
981,982,504.125,22.6875,2.1374999999999997,3,3,5,1,34,0.25
982,983,288.05,14.95,0.48749999999999993,1,1,1,1,33,0.25
983,984,5.825000000000001,2.2750000000000004,0.7249999999999999,2,5,1,0,28,0.25
984,985,396.5,21.75,0.75,3,18,2,1,25,0.25
985,986,51.0,17.0,0.7,2,15,4,0,36,0.25
986,987,118.51249999999999,11.1375,-0.13749999999999996,1,12,3,0,43,0.25
987,988,334.42499999999995,29.674999999999997,3.1125,3,7,5,1,21,0.25
988,989,56.449999999999996,6.05,1.525,2,19,5,0,22,0.25
989,990,103.75,7.75,-0.625,2,7,1,1,55,0.25
990,991,37.775000000000006,11.925,0.9249999999999999,1,17,4,0,23,0.25
991,992,48.0,8.0,3.15,4,17,3,0,26,0.25
992,993,100.4,9.4,-0.7000000000000002,2,5,2,0,49,0.25
993,994,196.625,11.625,-1.375,2,10,1,1,60,0.25
994,995,599.1,21.325,1.1624999999999999,3,14,5,1,57,0.25
995,996,75.95,8.55,0.22499999999999998,1,13,2,0,36,0.25
996,997,7.75,1.25,0.875,2,8,3,0,40,0.25
997,998,41.0,5.0,0.0625,1,17,3,0,25,0.25
998,999,47.625,5.625,0.1875,3,12,1,0,40,0.25
999,1000,81.85000000000001,21.962500000000002,-2.1375,3,17,1,0,51,0.25
